{"cameraMode":{"drawMode":0,"name":"Shaded","section":"Shading Mode"},"sceneLighting":false,"audioPlay":false,"sceneViewState":{"m_AlwaysRefresh":false,"showFog":true,"showSkybox":false,"showFlares":true,"showImageEffects":true,"showParticleSystems":true,"showVisualEffectGraphs":true,"m_FxEnabled":true},"in2DMode":false,"pivot":{"x":0.05259209871292114,"y":-0.33038365840911868,"z":4.993925094604492},"rotation":{"x":-0.21601544320583344,"y":0.7833687663078308,"z":-0.42928946018218996,"w":-0.3941856920719147},"size":0.781449019908905,"orthographic":false}